{
  "meta": {
    "compilation_date": "2025-02-09",
    "primary_source": "evenementenlijst.nl",
    "secondary_sources": [
      "municipality websites",
      "lokaleregelgeving.overheid.nl",
      "open data portals"
    ],
    "provinces_complete": [
      "Groningen",
      "Friesland",
      "Drenthe",
      "Gelderland"
    ],
    "provinces_todo": [
      "Overijssel",
      "Flevoland",
      "Utrecht",
      "Noord-Holland",
      "Zuid-Holland",
      "Zeeland",
      "Noord-Brabant",
      "Limburg"
    ],
    "total_markets": 193
  },
  "markets": [
    {
      "province": "Gelderland",
      "city_town": "Apeldoorn",
      "location": "Marktplein",
      "day": "monday",
      "time_from": "09:00",
      "time_to": "14:00",
      "season_note": "",
      "type": "weekly_market",
      "source_url": "https://evenementenlijst.nl/de-7-weekmarkten-in-apeldoorn/",
      "municipality_url": "https://www.apeldoorn.nl",
      "data_status": "aggregator",
      "last_verified": "2025-02-10"
    },
    {
      "province": "Gelderland",
      "city_town": "Ede",
      "location": "Marktplein",
      "day": "monday",
      "time_from": "08:00",
      "time_to": "13:00",
      "season_note": "",
      "type": "weekly_market",
      "source_url": "https://evenementenlijst.nl/weekmarkten-in-de-gemeente-ede/",
      "municipality_url": "https://www.ede.nl",
      "data_status": "aggregator",
      "last_verified": "2025-02-10"
    },
    {
      "province": "Gelderland",
      "city_town": "Nijmegen",
      "location": "Kelfkensbos",
      "day": "monday",
      "time_from": "09:00",
      "time_to": "14:00",
      "season_note": "",
      "type": "groentemarkt",
      "source_url": "https://evenementenlijst.nl/weekmarkten-in-nijmegen/",
      "municipality_url": "https://www.nijmegen.nl",
      "data_status": "aggregator",
      "last_verified": "2025-02-10"
    },
    {
      "province": "Gelderland",
      "city_town": "Nijmegen",
      "location": "Grote Markt",
      "day": "monday",
      "time_from": "09:00",
      "time_to": "14:00",
      "season_note": "",
      "type": "weekly_market",
      "source_url": "https://evenementenlijst.nl/weekmarkten-in-nijmegen/",
      "municipality_url": "https://www.nijmegen.nl",
      "data_status": "aggregator",
      "last_verified": "2025-02-10"
    },
    {
      "province": "Gelderland",
      "city_town": "Nijmegen",
      "location": "Burchtstraat/Augustijnenstraat/Grote Markt",
      "day": "monday",
      "time_from": "09:00",
      "time_to": "17:00",
      "season_note": "apr-sep 09:00-17:00; okt-mrt 09:00-16:00",
      "type": "warenmarkt+stoffenmarkt",
      "source_url": "https://evenementenlijst.nl/weekmarkten-in-nijmegen/",
      "municipality_url": "https://www.nijmegen.nl",
      "data_status": "aggregator",
      "last_verified": "2025-02-10"
    },
    {
      "province": "Gelderland",
      "city_town": "Almen",
      "location": "Mini-markt",
      "day": "tuesday",
      "time_from": "11:00",
      "time_to": "13:00",
      "season_note": "",
      "type": "minimarkt",
      "source_url": "https://evenementenlijst.nl/weekmarkten-in-de-gemeente-lochem/",
      "municipality_url": "",
      "data_status": "aggregator",
      "last_verified": "2025-02-10"
    },
    {
      "province": "Gelderland",
      "city_town": "Apeldoorn",
      "location": "Violierenplein (De Maten)",
      "day": "tuesday",
      "time_from": "08:30",
      "time_to": "12:30",
      "season_note": "",
      "type": "warenmarkt",
      "source_url": "https://evenementenlijst.nl/de-7-weekmarkten-in-apeldoorn/",
      "municipality_url": "",
      "data_status": "aggregator",
      "last_verified": "2025-02-10"
    },
    {
      "province": "Gelderland",
      "city_town": "Arnhem",
      "location": "Presikhaaf",
      "day": "tuesday",
      "time_from": "07:30",
      "time_to": "15:00",
      "season_note": "",
      "type": "weekly_market",
      "source_url": "https://evenementenlijst.nl/weekmarkten-in-arnhem/",
      "municipality_url": "https://www.arnhem.nl/Onderwerpen/markten",
      "data_status": "confirmed",
      "last_verified": "2025-02-10"
    },
    {
      "province": "Gelderland",
      "city_town": "Arnhem",
      "location": "Jansplaats",
      "day": "tuesday",
      "time_from": "07:30",
      "time_to": "15:00",
      "season_note": "",
      "type": "weekly_market",
      "source_url": "https://evenementenlijst.nl/weekmarkten-in-arnhem/",
      "municipality_url": "https://www.arnhem.nl/Onderwerpen/markten",
      "data_status": "confirmed",
      "last_verified": "2025-02-10"
    },
    {
      "province": "Gelderland",
      "city_town": "Beuningen",
      "location": "Kerkplein",
      "day": "tuesday",
      "time_from": "08:00",
      "time_to": "12:30",
      "season_note": "",
      "type": "weekly_market",
      "source_url": "https://evenementenlijst.nl/weekmarkt-in-beuningen-gemeente-beuningen/",
      "municipality_url": "",
      "data_status": "aggregator",
      "last_verified": "2025-02-10"
    },
    {
      "province": "Gelderland",
      "city_town": "Brummen",
      "location": "Marktplein",
      "day": "tuesday",
      "time_from": "08:00",
      "time_to": "12:30",
      "season_note": "",
      "type": "weekly_market",
      "source_url": "https://evenementenlijst.nl/weekmarkten-in-de-gemeente-brummen/",
      "municipality_url": "",
      "data_status": "aggregator",
      "last_verified": "2025-02-10"
    },
    {
      "province": "Gelderland",
      "city_town": "Culemborg",
      "location": "Markt",
      "day": "tuesday",
      "time_from": "08:30",
      "time_to": "13:00",
      "season_note": "",
      "type": "weekly_market",
      "source_url": "https://evenementenlijst.nl/weekmarkten-in-culemborg/",
      "municipality_url": "",
      "data_status": "aggregator",
      "last_verified": "2025-02-10"
    },
    {
      "province": "Gelderland",
      "city_town": "Doetinchem",
      "location": "Raadhuisstraat",
      "day": "tuesday",
      "time_from": "08:30",
      "time_to": "13:00",
      "season_note": "",
      "type": "weekly_market",
      "source_url": "https://evenementenlijst.nl/weekmarkten-in-de-gemeente-doetinchem/",
      "municipality_url": "",
      "data_status": "aggregator",
      "last_verified": "2025-02-10"
    },
    {
      "province": "Gelderland",
      "city_town": "Duiven",
      "location": "Remigiusplein",
      "day": "tuesday",
      "time_from": "08:30",
      "time_to": "12:30",
      "season_note": "",
      "type": "weekly_market",
      "source_url": "https://evenementenlijst.nl/weekmarkt-in-duiven-gemeente-duiven/",
      "municipality_url": "",
      "data_status": "aggregator",
      "last_verified": "2025-02-10"
    },
    {
      "province": "Gelderland",
      "city_town": "Eerbeek",
      "location": "Oranje Nassauplein",
      "day": "tuesday",
      "time_from": "10:30",
      "time_to": "16:30",
      "season_note": "",
      "type": "weekly_market",
      "source_url": "https://evenementenlijst.nl/weekmarkten-in-de-gemeente-brummen/",
      "municipality_url": "",
      "data_status": "aggregator",
      "last_verified": "2025-02-10"
    },
    {
      "province": "Gelderland",
      "city_town": "Eibergen",
      "location": "Brink",
      "day": "tuesday",
      "time_from": "08:30",
      "time_to": "12:30",
      "season_note": "",
      "type": "weekly_market",
      "source_url": "https://evenementenlijst.nl/weekmarkten-in-de-gemeente-berkelland/",
      "municipality_url": "",
      "data_status": "aggregator",
      "last_verified": "2025-02-10"
    },
    {
      "province": "Gelderland",
      "city_town": "Elburg",
      "location": "'t Schootsveld",
      "day": "tuesday",
      "time_from": "09:00",
      "time_to": "12:00",
      "season_note": "",
      "type": "weekly_market",
      "source_url": "https://evenementenlijst.nl/weekmarkt-in-elburg-gemeente-elburg/",
      "municipality_url": "",
      "data_status": "aggregator",
      "last_verified": "2025-02-10"
    },
    {
      "province": "Gelderland",
      "city_town": "Ermelo",
      "location": "Raadhuisplein",
      "day": "tuesday",
      "time_from": "08:30",
      "time_to": "13:00",
      "season_note": "",
      "type": "weekly_market",
      "source_url": "https://evenementenlijst.nl/weekmarkt-in-ermelo-dinsdag/",
      "municipality_url": "",
      "data_status": "aggregator",
      "last_verified": "2025-02-10"
    },
    {
      "province": "Gelderland",
      "city_town": "Groesbeek",
      "location": "Spoorlaan",
      "day": "tuesday",
      "time_from": "08:30",
      "time_to": "12:30",
      "season_note": "",
      "type": "weekly_market",
      "source_url": "https://evenementenlijst.nl/weekmarkt-in-de-gemeente-berg-en-dal/",
      "municipality_url": "",
      "data_status": "aggregator",
      "last_verified": "2025-02-10"
    },
    {
      "province": "Gelderland",
      "city_town": "Harfsen",
      "location": "Mini-markt",
      "day": "tuesday",
      "time_from": "13:30",
      "time_to": "17:00",
      "season_note": "",
      "type": "minimarkt",
      "source_url": "https://evenementenlijst.nl/weekmarkten-in-de-gemeente-lochem/",
      "municipality_url": "",
      "data_status": "aggregator",
      "last_verified": "2025-02-10"
    },
    {
      "province": "Gelderland",
      "city_town": "Neede",
      "location": "Vlearmoesplein",
      "day": "tuesday",
      "time_from": "08:00",
      "time_to": "12:30",
      "season_note": "",
      "type": "weekly_market",
      "source_url": "https://evenementenlijst.nl/weekmarkten-in-de-gemeente-berkelland/",
      "municipality_url": "",
      "data_status": "aggregator",
      "last_verified": "2025-02-10"
    },
    {
      "province": "Gelderland",
      "city_town": "Nijmegen",
      "location": "Leuvensbroek",
      "day": "tuesday",
      "time_from": "09:00",
      "time_to": "14:00",
      "season_note": "",
      "type": "weekly_market",
      "source_url": "https://evenementenlijst.nl/weekmarkten-in-nijmegen/",
      "municipality_url": "",
      "data_status": "aggregator",
      "last_verified": "2025-02-10"
    },
    {
      "province": "Gelderland",
      "city_town": "Renkum",
      "location": "Dorpsstraat",
      "day": "tuesday",
      "time_from": "08:00",
      "time_to": "13:00",
      "season_note": "",
      "type": "weekly_market",
      "source_url": "https://evenementenlijst.nl/weekmarkten-in-de-gemeente-renkum/",
      "municipality_url": "https://lokaleregelgeving.overheid.nl/CVDR222545",
      "data_status": "confirmed",
      "last_verified": "2025-02-10"
    },
    {
      "province": "Gelderland",
      "city_town": "Veenendaal",
      "location": "Markt",
      "day": "tuesday",
      "time_from": "08:30",
      "time_to": "12:30",
      "season_note": "",
      "type": "weekly_market",
      "source_url": "https://evenementenlijst.nl/de-weekmarkten-in-veenendaal/",
      "municipality_url": "",
      "data_status": "aggregator",
      "last_verified": "2025-02-10"
    },
    {
      "province": "Gelderland",
      "city_town": "Wekerom",
      "location": "Edeseweg",
      "day": "tuesday",
      "time_from": "08:30",
      "time_to": "12:30",
      "season_note": "",
      "type": "weekly_market",
      "source_url": "https://evenementenlijst.nl/weekmarkten-in-de-gemeente-ede/",
      "municipality_url": "",
      "data_status": "aggregator",
      "last_verified": "2025-02-10"
    },
    {
      "province": "Gelderland",
      "city_town": "Zaltbommel",
      "location": "Markt en Gamerschestraat",
      "day": "tuesday",
      "time_from": "09:00",
      "time_to": "12:30",
      "season_note": "",
      "type": "weekly_market",
      "source_url": "https://evenementenlijst.nl/weekmarkten-in-zaltbommel-dinsdag-en-zaterdag/",
      "municipality_url": "",
      "data_status": "aggregator",
      "last_verified": "2025-02-10"
    },
    {
      "province": "Gelderland",
      "city_town": "Zetten",
      "location": "Julianaplein",
      "day": "tuesday",
      "time_from": "13:00",
      "time_to": "16:30",
      "season_note": "",
      "type": "weekly_market",
      "source_url": "https://evenementenlijst.nl/weekmarkten-in-de-gemeente-overbetuwe/",
      "municipality_url": "",
      "data_status": "aggregator",
      "last_verified": "2025-02-10"
    },
    {
      "province": "Gelderland",
      "city_town": "Apeldoorn",
      "location": "Winkelcentrum 't Fort",
      "day": "wednesday",
      "time_from": "10:30",
      "time_to": "18:00",
      "season_note": "",
      "type": "weekly_market",
      "source_url": "https://evenementenlijst.nl/de-7-weekmarkten-in-apeldoorn/",
      "municipality_url": "",
      "data_status": "aggregator",
      "last_verified": "2025-02-10"
    },
    {
      "province": "Gelderland",
      "city_town": "Arnhem",
      "location": "Malburgen",
      "day": "wednesday",
      "time_from": "08:00",
      "time_to": "13:00",
      "season_note": "",
      "type": "weekly_market",
      "source_url": "https://evenementenlijst.nl/weekmarkten-in-arnhem/",
      "municipality_url": "https://www.arnhem.nl/Onderwerpen/markten",
      "data_status": "confirmed",
      "last_verified": "2025-02-10"
    },
    {
      "province": "Gelderland",
      "city_town": "Borculo",
      "location": "Veemarkt",
      "day": "wednesday",
      "time_from": "08:00",
      "time_to": "12:30",
      "season_note": "",
      "type": "weekly_market",
      "source_url": "https://evenementenlijst.nl/weekmarkten-in-de-gemeente-berkelland/",
      "municipality_url": "",
      "data_status": "aggregator",
      "last_verified": "2025-02-10"
    },
    {
      "province": "Gelderland",
      "city_town": "Boven-Leeuwen",
      "location": "Dorpsplein",
      "day": "wednesday",
      "time_from": "08:00",
      "time_to": "12:30",
      "season_note": "",
      "type": "weekly_market",
      "source_url": "https://evenementenlijst.nl/weekmarkten-in-de-gemeente-west-maas-en-waal/",
      "municipality_url": "",
      "data_status": "aggregator",
      "last_verified": "2025-02-10"
    },
    {
      "province": "Gelderland",
      "city_town": "Dieren",
      "location": "Ericaplein",
      "day": "wednesday",
      "time_from": "08:00",
      "time_to": "13:00",
      "season_note": "",
      "type": "weekly_market",
      "source_url": "https://evenementenlijst.nl/weekmarkten-in-de-gemeente-rheden-dieren-rheden-en-velp/",
      "municipality_url": "",
      "data_status": "aggregator",
      "last_verified": "2025-02-10"
    },
    {
      "province": "Gelderland",
      "city_town": "Doesburg",
      "location": "Kerkplein",
      "day": "wednesday",
      "time_from": "08:00",
      "time_to": "12:30",
      "season_note": "",
      "type": "weekly_market",
      "source_url": "https://evenementenlijst.nl/weekmarkt-in-doesburg-woensdag-markt/",
      "municipality_url": "",
      "data_status": "aggregator",
      "last_verified": "2025-02-10"
    },
    {
      "province": "Gelderland",
      "city_town": "Eefde",
      "location": "Mini-markt",
      "day": "wednesday",
      "time_from": "14:00",
      "time_to": "17:30",
      "season_note": "",
      "type": "minimarkt",
      "source_url": "https://evenementenlijst.nl/weekmarkten-in-de-gemeente-lochem/",
      "municipality_url": "",
      "data_status": "aggregator",
      "last_verified": "2025-02-10"
    },
    {
      "province": "Gelderland",
      "city_town": "Epe",
      "location": "Marktplein",
      "day": "wednesday",
      "time_from": "08:00",
      "time_to": "13:00",
      "season_note": "",
      "type": "weekly_market",
      "source_url": "https://evenementenlijst.nl/weekmarkt-in-epe-gemeente-epe/",
      "municipality_url": "",
      "data_status": "aggregator",
      "last_verified": "2025-02-10"
    },
    {
      "province": "Gelderland",
      "city_town": "Gorssel",
      "location": "Markt",
      "day": "wednesday",
      "time_from": "12:30",
      "time_to": "17:30",
      "season_note": "",
      "type": "weekly_market",
      "source_url": "https://evenementenlijst.nl/weekmarkten-in-de-gemeente-lochem/",
      "municipality_url": "",
      "data_status": "aggregator",
      "last_verified": "2025-02-10"
    },
    {
      "province": "Gelderland",
      "city_town": "Harderwijk",
      "location": "Tonselsedreef",
      "day": "wednesday",
      "time_from": "08:30",
      "time_to": "13:00",
      "season_note": "",
      "type": "weekly_market",
      "source_url": "https://evenementenlijst.nl/weekmarkten-in-harderwijk/",
      "municipality_url": "",
      "data_status": "aggregator",
      "last_verified": "2025-02-10"
    },
    {
      "province": "Gelderland",
      "city_town": "Hattem",
      "location": "Centrum",
      "day": "wednesday",
      "time_from": "08:00",
      "time_to": "12:30",
      "season_note": "",
      "type": "weekly_market",
      "source_url": "https://evenementenlijst.nl/weekmarkt-in-hattem-gemeente-hattem/",
      "municipality_url": "",
      "data_status": "aggregator",
      "last_verified": "2025-02-10"
    },
    {
      "province": "Gelderland",
      "city_town": "Lochem",
      "location": "Marktplein",
      "day": "wednesday",
      "time_from": "08:00",
      "time_to": "12:30",
      "season_note": "",
      "type": "weekly_market",
      "source_url": "https://evenementenlijst.nl/weekmarkten-in-de-gemeente-lochem/",
      "municipality_url": "",
      "data_status": "aggregator",
      "last_verified": "2025-02-10"
    },
    {
      "province": "Gelderland",
      "city_town": "Millingen aan de Rijn",
      "location": "Kastanjeplein",
      "day": "wednesday",
      "time_from": "08:30",
      "time_to": "12:30",
      "season_note": "",
      "type": "weekly_market",
      "source_url": "https://evenementenlijst.nl/weekmarkt-in-de-gemeente-berg-en-dal/",
      "municipality_url": "",
      "data_status": "aggregator",
      "last_verified": "2025-02-10"
    },
    {
      "province": "Gelderland",
      "city_town": "Nijmegen",
      "location": "Hatert (Couwenbergstraat)",
      "day": "wednesday",
      "time_from": "09:00",
      "time_to": "12:30",
      "season_note": "",
      "type": "weekly_market",
      "source_url": "https://evenementenlijst.nl/weekmarkten-in-nijmegen/",
      "municipality_url": "",
      "data_status": "aggregator",
      "last_verified": "2025-02-10"
    },
    {
      "province": "Gelderland",
      "city_town": "Nijmegen",
      "location": "Lent (Bij de Jumbo)",
      "day": "wednesday",
      "time_from": "09:00",
      "time_to": "17:00",
      "season_note": "",
      "type": "weekly_market",
      "source_url": "https://evenementenlijst.nl/weekmarkten-in-nijmegen/",
      "municipality_url": "",
      "data_status": "aggregator",
      "last_verified": "2025-02-10"
    },
    {
      "province": "Gelderland",
      "city_town": "Putten",
      "location": "Fontanusplein",
      "day": "wednesday",
      "time_from": "08:00",
      "time_to": "13:00",
      "season_note": "",
      "type": "weekly_market",
      "source_url": "https://evenementenlijst.nl/weekmarkt-in-putten-woensdag-markt/",
      "municipality_url": "",
      "data_status": "aggregator",
      "last_verified": "2025-02-10"
    },
    {
      "province": "Gelderland",
      "city_town": "Scherpenzeel",
      "location": "Centrum",
      "day": "wednesday",
      "time_from": "08:30",
      "time_to": "12:30",
      "season_note": "",
      "type": "weekly_market",
      "source_url": "https://evenementenlijst.nl/weekmarkt-in-scherpenzeel-gemeente-scherpenzeel/",
      "municipality_url": "",
      "data_status": "aggregator",
      "last_verified": "2025-02-10"
    },
    {
      "province": "Gelderland",
      "city_town": "Wageningen",
      "location": "Markt en Raadhuisplein",
      "day": "wednesday",
      "time_from": "08:30",
      "time_to": "13:00",
      "season_note": "",
      "type": "weekly_market",
      "source_url": "https://evenementenlijst.nl/weekmarkten-in-wageningen/",
      "municipality_url": "https://www.wageningen.nl",
      "data_status": "confirmed",
      "last_verified": "2025-02-10"
    },
    {
      "province": "Gelderland",
      "city_town": "Warnsveld",
      "location": "Winkelcentrum De Dreiumme",
      "day": "wednesday",
      "time_from": "09:00",
      "time_to": "12:00",
      "season_note": "",
      "type": "weekly_market",
      "source_url": "https://evenementenlijst.nl/weekmarkten-in-de-gemeente-zutphen/",
      "municipality_url": "",
      "data_status": "aggregator",
      "last_verified": "2025-02-10"
    },
    {
      "province": "Gelderland",
      "city_town": "Winterswijk",
      "location": "Rondom de Jacobskerk",
      "day": "wednesday",
      "time_from": "08:00",
      "time_to": "14:00",
      "season_note": "",
      "type": "weekly_market",
      "source_url": "https://evenementenlijst.nl/weekmarkten-in-winterswijk-gemeente-winterswijk/",
      "municipality_url": "",
      "data_status": "aggregator",
      "last_verified": "2025-02-10"
    },
    {
      "province": "Gelderland",
      "city_town": "Aalten",
      "location": "Centrum",
      "day": "thursday",
      "time_from": "08:00",
      "time_to": "12:00",
      "season_note": "",
      "type": "weekly_market",
      "source_url": "https://evenementenlijst.nl/weekmarkten-in-de-gemeente-aalten/",
      "municipality_url": "",
      "data_status": "aggregator",
      "last_verified": "2025-02-10"
    },
    {
      "province": "Gelderland",
      "city_town": "Apeldoorn",
      "location": "Asselsestraat",
      "day": "thursday",
      "time_from": "09:00",
      "time_to": "14:00",
      "season_note": "",
      "type": "organic_market",
      "source_url": "https://evenementenlijst.nl/de-7-weekmarkten-in-apeldoorn/",
      "municipality_url": "",
      "data_status": "aggregator",
      "last_verified": "2025-02-10"
    },
    {
      "province": "Gelderland",
      "city_town": "Apeldoorn",
      "location": "Winkelcentrum Anklaar",
      "day": "thursday",
      "time_from": "08:30",
      "time_to": "12:30",
      "season_note": "",
      "type": "weekly_market",
      "source_url": "https://evenementenlijst.nl/de-7-weekmarkten-in-apeldoorn/",
      "municipality_url": "",
      "data_status": "aggregator",
      "last_verified": "2025-02-10"
    },
    {
      "province": "Gelderland",
      "city_town": "Barneveld",
      "location": "Gowthorpeplein",
      "day": "thursday",
      "time_from": "08:00",
      "time_to": "13:00",
      "season_note": "",
      "type": "weekly_market",
      "source_url": "https://evenementenlijst.nl/weekmarkt-in-barneveld-gemeente-barneveld/",
      "municipality_url": "",
      "data_status": "aggregator",
      "last_verified": "2025-02-10"
    },
    {
      "province": "Gelderland",
      "city_town": "Beltrum",
      "location": "Mariaplein",
      "day": "thursday",
      "time_from": "08:00",
      "time_to": "12:00",
      "season_note": "",
      "type": "minimarkt",
      "source_url": "https://evenementenlijst.nl/weekmarkten-in-de-gemeente-berkelland/",
      "municipality_url": "",
      "data_status": "aggregator",
      "last_verified": "2025-02-10"
    },
    {
      "province": "Gelderland",
      "city_town": "Bemmel",
      "location": "Markt",
      "day": "thursday",
      "time_from": "08:00",
      "time_to": "13:00",
      "season_note": "",
      "type": "weekly_market",
      "source_url": "https://evenementenlijst.nl/weekmarkten-in-de-gemeente-lingewaard/",
      "municipality_url": "",
      "data_status": "aggregator",
      "last_verified": "2025-02-10"
    },
    {
      "province": "Gelderland",
      "city_town": "Ede",
      "location": "Stadspoort",
      "day": "thursday",
      "time_from": "08:00",
      "time_to": "13:00",
      "season_note": "",
      "type": "weekly_market",
      "source_url": "https://evenementenlijst.nl/weekmarkten-in-de-gemeente-ede/",
      "municipality_url": "",
      "data_status": "aggregator",
      "last_verified": "2025-02-10"
    },
    {
      "province": "Gelderland",
      "city_town": "Elst",
      "location": "Plein en Dorpsstraat",
      "day": "thursday",
      "time_from": "08:30",
      "time_to": "12:30",
      "season_note": "",
      "type": "weekly_market",
      "source_url": "https://evenementenlijst.nl/weekmarkten-in-de-gemeente-overbetuwe/",
      "municipality_url": "",
      "data_status": "aggregator",
      "last_verified": "2025-02-10"
    },
    {
      "province": "Gelderland",
      "city_town": "'s-Heerenberg",
      "location": "Stadplein",
      "day": "thursday",
      "time_from": "10:30",
      "time_to": "16:00",
      "season_note": "",
      "type": "weekly_market",
      "source_url": "https://evenementenlijst.nl/weekmarkten-in-de-gemeente-montferland/",
      "municipality_url": "",
      "data_status": "aggregator",
      "last_verified": "2025-02-10"
    },
    {
      "province": "Gelderland",
      "city_town": "Laren",
      "location": "Dorpskern",
      "day": "thursday",
      "time_from": "08:00",
      "time_to": "12:30",
      "season_note": "",
      "type": "minimarkt",
      "source_url": "https://evenementenlijst.nl/weekmarkten-in-de-gemeente-lochem/",
      "municipality_url": "",
      "data_status": "aggregator",
      "last_verified": "2025-02-10"
    },
    {
      "province": "Gelderland",
      "city_town": "Nijmegen",
      "location": "Heseveld (Paul Krugerstraat)",
      "day": "thursday",
      "time_from": "09:00",
      "time_to": "12:30",
      "season_note": "",
      "type": "weekly_market",
      "source_url": "https://evenementenlijst.nl/weekmarkten-in-nijmegen/",
      "municipality_url": "",
      "data_status": "aggregator",
      "last_verified": "2025-02-10"
    },
    {
      "province": "Gelderland",
      "city_town": "Nunspeet",
      "location": "Marktplein",
      "day": "thursday",
      "time_from": "09:00",
      "time_to": "13:00",
      "season_note": "",
      "type": "weekly_market",
      "source_url": "https://evenementenlijst.nl/weekmarkt-in-nunspeet-donderdag-markt/",
      "municipality_url": "",
      "data_status": "aggregator",
      "last_verified": "2025-02-10"
    },
    {
      "province": "Gelderland",
      "city_town": "Oosterbeek",
      "location": "Weverstraat",
      "day": "thursday",
      "time_from": "08:30",
      "time_to": "12:30",
      "season_note": "",
      "type": "weekly_market",
      "source_url": "https://evenementenlijst.nl/weekmarkten-in-de-gemeente-renkum/",
      "municipality_url": "https://lokaleregelgeving.overheid.nl/CVDR222545",
      "data_status": "confirmed",
      "last_verified": "2025-02-10"
    },
    {
      "province": "Gelderland",
      "city_town": "Opheusden",
      "location": "Parkeerterrein Swaenenstate",
      "day": "thursday",
      "time_from": "14:00",
      "time_to": "17:30",
      "season_note": "",
      "type": "weekly_market",
      "source_url": "https://evenementenlijst.nl/weekmarkt-in-opheusden-gemeente-neder-betuwe/",
      "municipality_url": "",
      "data_status": "aggregator",
      "last_verified": "2025-02-10"
    },
    {
      "province": "Gelderland",
      "city_town": "Rekken",
      "location": "Lindevoort",
      "day": "thursday",
      "time_from": "08:00",
      "time_to": "13:00",
      "season_note": "",
      "type": "weekly_market",
      "source_url": "https://evenementenlijst.nl/weekmarkten-in-de-gemeente-berkelland/",
      "municipality_url": "",
      "data_status": "aggregator",
      "last_verified": "2025-02-10"
    },
    {
      "province": "Gelderland",
      "city_town": "Silvolde",
      "location": "Centrum",
      "day": "thursday",
      "time_from": "09:00",
      "time_to": "12:30",
      "season_note": "",
      "type": "weekly_market",
      "source_url": "https://evenementenlijst.nl/weekmarkten-in-de-gemeente-oude-ijsselstreek/",
      "municipality_url": "",
      "data_status": "aggregator",
      "last_verified": "2025-02-10"
    },
    {
      "province": "Gelderland",
      "city_town": "Velp",
      "location": "Den Heuvel",
      "day": "thursday",
      "time_from": "08:00",
      "time_to": "13:00",
      "season_note": "",
      "type": "weekly_market",
      "source_url": "https://evenementenlijst.nl/weekmarkten-in-de-gemeente-rheden-dieren-rheden-en-velp/",
      "municipality_url": "",
      "data_status": "aggregator",
      "last_verified": "2025-02-10"
    },
    {
      "province": "Gelderland",
      "city_town": "Wehl",
      "location": "Koningin Wilhelminaplein",
      "day": "thursday",
      "time_from": "13:00",
      "time_to": "17:00",
      "season_note": "",
      "type": "weekly_market",
      "source_url": "https://evenementenlijst.nl/weekmarkten-in-de-gemeente-doetinchem/",
      "municipality_url": "",
      "data_status": "aggregator",
      "last_verified": "2025-02-10"
    },
    {
      "province": "Gelderland",
      "city_town": "Wezep",
      "location": "Meidoornplein",
      "day": "thursday",
      "time_from": "12:00",
      "time_to": "17:00",
      "season_note": "",
      "type": "weekly_market",
      "source_url": "https://evenementenlijst.nl/weekmarkten-in-de-gemeente-oldebroek/",
      "municipality_url": "",
      "data_status": "aggregator",
      "last_verified": "2025-02-10"
    },
    {
      "province": "Gelderland",
      "city_town": "Wijchen",
      "location": "Markt",
      "day": "thursday",
      "time_from": "08:30",
      "time_to": "12:30",
      "season_note": "",
      "type": "weekly_market",
      "source_url": "https://evenementenlijst.nl/weekmarkt-in-wijchen-donderdag-markt/",
      "municipality_url": "",
      "data_status": "aggregator",
      "last_verified": "2025-02-10"
    },
    {
      "province": "Gelderland",
      "city_town": "Zutphen",
      "location": "Zaadmarkt",
      "day": "thursday",
      "time_from": "08:00",
      "time_to": "13:00",
      "season_note": "",
      "type": "weekly_market",
      "source_url": "https://evenementenlijst.nl/weekmarkten-in-de-gemeente-zutphen/",
      "municipality_url": "",
      "data_status": "aggregator",
      "last_verified": "2025-02-10"
    },
    {
      "province": "Gelderland",
      "city_town": "Apeldoorn",
      "location": "Schubertplein",
      "day": "friday",
      "time_from": "08:30",
      "time_to": "14:00",
      "season_note": "",
      "type": "weekly_market",
      "source_url": "https://evenementenlijst.nl/de-7-weekmarkten-in-apeldoorn/",
      "municipality_url": "",
      "data_status": "aggregator",
      "last_verified": "2025-02-10"
    },
    {
      "province": "Gelderland",
      "city_town": "Arnhem",
      "location": "Centrum (Markt/Kerkplein)",
      "day": "friday",
      "time_from": "07:30",
      "time_to": "14:00",
      "season_note": "",
      "type": "weekly_market",
      "source_url": "https://evenementenlijst.nl/weekmarkten-in-arnhem/",
      "municipality_url": "https://www.arnhem.nl/Onderwerpen/markten",
      "data_status": "confirmed",
      "last_verified": "2025-02-10"
    },
    {
      "province": "Gelderland",
      "city_town": "Beneden-Leeuwen",
      "location": "Marktplein",
      "day": "friday",
      "time_from": "09:00",
      "time_to": "13:00",
      "season_note": "",
      "type": "weekly_market",
      "source_url": "https://evenementenlijst.nl/weekmarkten-in-de-gemeente-west-maas-en-waal/",
      "municipality_url": "",
      "data_status": "aggregator",
      "last_verified": "2025-02-10"
    },
    {
      "province": "Gelderland",
      "city_town": "Bennekom",
      "location": "Marktplein",
      "day": "friday",
      "time_from": "08:00",
      "time_to": "13:00",
      "season_note": "",
      "type": "weekly_market",
      "source_url": "https://evenementenlijst.nl/weekmarkten-in-de-gemeente-ede/",
      "municipality_url": "",
      "data_status": "aggregator",
      "last_verified": "2025-02-10"
    },
    {
      "province": "Gelderland",
      "city_town": "Dinxperlo",
      "location": "Centrum",
      "day": "friday",
      "time_from": "08:30",
      "time_to": "12:30",
      "season_note": "",
      "type": "weekly_market",
      "source_url": "https://evenementenlijst.nl/weekmarkten-in-de-gemeente-aalten/",
      "municipality_url": "",
      "data_status": "aggregator",
      "last_verified": "2025-02-10"
    },
    {
      "province": "Gelderland",
      "city_town": "Didam",
      "location": "Lieve Vrouweplein",
      "day": "friday",
      "time_from": "08:00",
      "time_to": "12:30",
      "season_note": "",
      "type": "weekly_market",
      "source_url": "https://evenementenlijst.nl/weekmarkten-in-de-gemeente-montferland/",
      "municipality_url": "",
      "data_status": "aggregator",
      "last_verified": "2025-02-10"
    },
    {
      "province": "Gelderland",
      "city_town": "Druten",
      "location": "Markt",
      "day": "friday",
      "time_from": "14:00",
      "time_to": "18:00",
      "season_note": "",
      "type": "weekly_market",
      "source_url": "https://evenementenlijst.nl/weekmarkt-in-druten-vrijdag-markt/",
      "municipality_url": "",
      "data_status": "aggregator",
      "last_verified": "2025-02-10"
    },
    {
      "province": "Gelderland",
      "city_town": "Ederveen",
      "location": "Schras",
      "day": "friday",
      "time_from": "07:00",
      "time_to": "12:30",
      "season_note": "",
      "type": "weekly_market",
      "source_url": "https://evenementenlijst.nl/weekmarkten-in-de-gemeente-ede/",
      "municipality_url": "",
      "data_status": "aggregator",
      "last_verified": "2025-02-10"
    },
    {
      "province": "Gelderland",
      "city_town": "Geldermalsen",
      "location": "Marktplein",
      "day": "friday",
      "time_from": "07:00",
      "time_to": "14:00",
      "season_note": "",
      "type": "weekly_market",
      "source_url": "https://evenementenlijst.nl/weekmarkten-in-de-gemeente-west-betuwe/",
      "municipality_url": "",
      "data_status": "aggregator",
      "last_verified": "2025-02-10"
    },
    {
      "province": "Gelderland",
      "city_town": "Gendringen",
      "location": "Raadhuisstraat",
      "day": "friday",
      "time_from": "08:00",
      "time_to": "12:00",
      "season_note": "",
      "type": "weekly_market",
      "source_url": "https://evenementenlijst.nl/weekmarkten-in-de-gemeente-oude-ijsselstreek/",
      "municipality_url": "",
      "data_status": "aggregator",
      "last_verified": "2025-02-10"
    },
    {
      "province": "Gelderland",
      "city_town": "Gendt",
      "location": "Julianaplein",
      "day": "friday",
      "time_from": "13:30",
      "time_to": "18:00",
      "season_note": "",
      "type": "weekly_market",
      "source_url": "https://evenementenlijst.nl/weekmarkten-in-de-gemeente-lingewaard/",
      "municipality_url": "",
      "data_status": "aggregator",
      "last_verified": "2025-02-10"
    },
    {
      "province": "Gelderland",
      "city_town": "Hengelo (Gld)",
      "location": "Raadhuisstraat",
      "day": "friday",
      "time_from": "13:30",
      "time_to": "18:00",
      "season_note": "",
      "type": "weekly_market",
      "source_url": "https://evenementenlijst.nl/weekmarkten-in-de-gemeente-bronckhorst/",
      "municipality_url": "",
      "data_status": "aggregator",
      "last_verified": "2025-02-10"
    },
    {
      "province": "Gelderland",
      "city_town": "Heteren",
      "location": "Dorpsplein",
      "day": "friday",
      "time_from": "08:30",
      "time_to": "12:30",
      "season_note": "",
      "type": "weekly_market",
      "source_url": "https://evenementenlijst.nl/weekmarkten-in-de-gemeente-overbetuwe/",
      "municipality_url": "",
      "data_status": "aggregator",
      "last_verified": "2025-02-10"
    },
    {
      "province": "Gelderland",
      "city_town": "Hoevelaken",
      "location": "Brink",
      "day": "friday",
      "time_from": "13:00",
      "time_to": "18:00",
      "season_note": "",
      "type": "weekly_market",
      "source_url": "https://evenementenlijst.nl/weekmarkten-in-de-gemeente-nijkerk/",
      "municipality_url": "",
      "data_status": "aggregator",
      "last_verified": "2025-02-10"
    },
    {
      "province": "Gelderland",
      "city_town": "Huissen",
      "location": "Markt",
      "day": "friday",
      "time_from": "12:00",
      "time_to": "18:00",
      "season_note": "",
      "type": "weekly_market",
      "source_url": "https://evenementenlijst.nl/weekmarkten-in-de-gemeente-lingewaard/",
      "municipality_url": "",
      "data_status": "aggregator",
      "last_verified": "2025-02-10"
    },
    {
      "province": "Gelderland",
      "city_town": "Nijkerk",
      "location": "Plein",
      "day": "friday",
      "time_from": "09:00",
      "time_to": "17:00",
      "season_note": "",
      "type": "weekly_market",
      "source_url": "https://evenementenlijst.nl/weekmarkten-in-de-gemeente-nijkerk/",
      "municipality_url": "",
      "data_status": "aggregator",
      "last_verified": "2025-02-10"
    },
    {
      "province": "Gelderland",
      "city_town": "Oldebroek",
      "location": "Lambertusplein",
      "day": "friday",
      "time_from": "08:00",
      "time_to": "12:00",
      "season_note": "",
      "type": "weekly_market",
      "source_url": "https://evenementenlijst.nl/weekmarkten-in-de-gemeente-oldebroek/",
      "municipality_url": "",
      "data_status": "aggregator",
      "last_verified": "2025-02-10"
    },
    {
      "province": "Gelderland",
      "city_town": "Wolfheze",
      "location": "Dorpsplein",
      "day": "friday",
      "time_from": "08:30",
      "time_to": "12:30",
      "season_note": "",
      "type": "weekly_market",
      "source_url": "",
      "municipality_url": "https://lokaleregelgeving.overheid.nl/CVDR222545",
      "data_status": "confirmed",
      "last_verified": "2025-02-10"
    },
    {
      "province": "Gelderland",
      "city_town": "Arnhem",
      "location": "Kerkplein, Centrum",
      "day": "saturday",
      "time_from": "08:00",
      "time_to": "17:00",
      "season_note": "",
      "type": "weekly_market",
      "source_url": "https://evenementenlijst.nl/weekmarkten-in-arnhem/",
      "municipality_url": "https://www.arnhem.nl/Onderwerpen/markten",
      "data_status": "confirmed",
      "last_verified": "2025-02-10"
    },
    {
      "province": "Gelderland",
      "city_town": "Arnhem",
      "location": "Marktplein, Geitenkamp",
      "day": "saturday",
      "time_from": "08:00",
      "time_to": "17:00",
      "season_note": "",
      "type": "weekly_market",
      "source_url": "https://evenementenlijst.nl/weekmarkten-in-arnhem/",
      "municipality_url": "https://www.arnhem.nl/Onderwerpen/markten",
      "data_status": "confirmed",
      "last_verified": "2025-02-10"
    },
    {
      "province": "Gelderland",
      "city_town": "Wageningen",
      "location": "Markt/Raadhuisplein",
      "day": "saturday",
      "time_from": "08:30",
      "time_to": "17:00",
      "season_note": "",
      "type": "weekly_market",
      "source_url": "https://evenementenlijst.nl/weekmarkten-in-wageningen/",
      "municipality_url": "https://www.wageningen.nl",
      "data_status": "confirmed",
      "last_verified": "2025-02-10"
    },
    {
      "province": "Gelderland",
      "city_town": "Nijmegen",
      "location": "Burchtstraat/Augustijnenstraat/Grote Markt",
      "day": "saturday",
      "time_from": "09:00",
      "time_to": "17:00",
      "season_note": "apr-sep 09:00-17:00; okt-mrt 09:00-16:00",
      "type": "warenmarkt",
      "source_url": "https://evenementenlijst.nl/weekmarkten-in-nijmegen/",
      "municipality_url": "",
      "data_status": "aggregator",
      "last_verified": "2025-02-10"
    },
    {
      "province": "Gelderland",
      "city_town": "Nijmegen",
      "location": "Marienburgplein",
      "day": "saturday",
      "time_from": "10:00",
      "time_to": "17:00",
      "season_note": "",
      "type": "boekenmarkt",
      "source_url": "https://evenementenlijst.nl/weekmarkten-in-nijmegen/",
      "municipality_url": "",
      "data_status": "aggregator",
      "last_verified": "2025-02-10"
    },
    {
      "province": "Friesland",
      "city_town": "Leeuwarden",
      "location": "Waagplein",
      "day": "monday",
      "time_from": "13:00",
      "time_to": "17:00",
      "season_note": "",
      "type": "weekly_market",
      "source_url": "https://evenementenlijst.nl/de-weekmarkten-in-leeuwarden/",
      "municipality_url": "",
      "data_status": "aggregator",
      "last_verified": "2025-02-10"
    },
    {
      "province": "Friesland",
      "city_town": "Sneek",
      "location": "Centrum Grootzand",
      "day": "tuesday",
      "time_from": "09:00",
      "time_to": "13:00",
      "season_note": "",
      "type": "weekly_market",
      "source_url": "https://evenementenlijst.nl/weekmarkten-in-de-gemeente-sudwest-fryslan/",
      "municipality_url": "",
      "data_status": "aggregator",
      "last_verified": "2025-02-10"
    },
    {
      "province": "Friesland",
      "city_town": "Stiens",
      "location": "Centrum",
      "day": "tuesday",
      "time_from": "11:00",
      "time_to": "17:00",
      "season_note": "",
      "type": "weekly_market",
      "source_url": "https://evenementenlijst.nl/de-weekmarkten-in-leeuwarden/",
      "municipality_url": "",
      "data_status": "aggregator",
      "last_verified": "2025-02-10"
    },
    {
      "province": "Friesland",
      "city_town": "Dokkum",
      "location": "Markt",
      "day": "wednesday",
      "time_from": "11:00",
      "time_to": "18:00",
      "season_note": "",
      "type": "weekly_market",
      "source_url": "https://evenementenlijst.nl/weekmarkt-in-de-gemeente-noardeast-fryslan/",
      "municipality_url": "",
      "data_status": "aggregator",
      "last_verified": "2025-02-10"
    },
    {
      "province": "Friesland",
      "city_town": "Franeker",
      "location": "Voorstraat",
      "day": "wednesday",
      "time_from": "12:00",
      "time_to": "18:00",
      "season_note": "",
      "type": "weekly_market",
      "source_url": "https://evenementenlijst.nl/weekmarkten-in-franeker/",
      "municipality_url": "",
      "data_status": "aggregator",
      "last_verified": "2025-02-10"
    },
    {
      "province": "Friesland",
      "city_town": "Gorredijk",
      "location": "Centrum",
      "day": "wednesday",
      "time_from": "13:00",
      "time_to": "17:00",
      "season_note": "",
      "type": "weekly_market",
      "source_url": "https://evenementenlijst.nl/weekmarkt-in-gorredijk-opsterland/",
      "municipality_url": "",
      "data_status": "aggregator",
      "last_verified": "2025-02-10"
    },
    {
      "province": "Friesland",
      "city_town": "Harlingen",
      "location": "Voorstraat",
      "day": "wednesday",
      "time_from": "08:00",
      "time_to": "12:00",
      "season_note": "",
      "type": "weekly_market",
      "source_url": "https://evenementenlijst.nl/weekmarkten-in-harlingen/",
      "municipality_url": "",
      "data_status": "aggregator",
      "last_verified": "2025-02-10"
    },
    {
      "province": "Friesland",
      "city_town": "Joure",
      "location": "Centrum",
      "day": "wednesday",
      "time_from": "13:00",
      "time_to": "18:00",
      "season_note": "",
      "type": "weekly_market",
      "source_url": "https://evenementenlijst.nl/weekmarkten-in-de-fryske-marren-lemmer-balk-en-joure/",
      "municipality_url": "",
      "data_status": "aggregator",
      "last_verified": "2025-02-10"
    },
    {
      "province": "Friesland",
      "city_town": "Leeuwarden",
      "location": "Prins Willem Alexanderplein",
      "day": "wednesday",
      "time_from": "08:00",
      "time_to": "12:00",
      "season_note": "",
      "type": "weekly_market",
      "source_url": "https://evenementenlijst.nl/de-weekmarkten-in-leeuwarden/",
      "municipality_url": "",
      "data_status": "aggregator",
      "last_verified": "2025-02-10"
    },
    {
      "province": "Friesland",
      "city_town": "Leeuwarden",
      "location": "Winkelcentrum Bilgaard",
      "day": "wednesday",
      "time_from": "12:00",
      "time_to": "17:00",
      "season_note": "",
      "type": "weekly_market",
      "source_url": "https://evenementenlijst.nl/de-weekmarkten-in-leeuwarden/",
      "municipality_url": "",
      "data_status": "aggregator",
      "last_verified": "2025-02-10"
    },
    {
      "province": "Friesland",
      "city_town": "Makkum",
      "location": "Lieuwkemastraat",
      "day": "wednesday",
      "time_from": "08:00",
      "time_to": "12:30",
      "season_note": "",
      "type": "weekly_market",
      "source_url": "https://evenementenlijst.nl/weekmarkten-in-de-gemeente-sudwest-fryslan/",
      "municipality_url": "",
      "data_status": "aggregator",
      "last_verified": "2025-02-10"
    },
    {
      "province": "Friesland",
      "city_town": "Wolvega",
      "location": "Centrum",
      "day": "wednesday",
      "time_from": "08:00",
      "time_to": "12:00",
      "season_note": "",
      "type": "weekly_market",
      "source_url": "https://evenementenlijst.nl/weekmarkten-in-de-gemeente-weststellingwerf/",
      "municipality_url": "",
      "data_status": "aggregator",
      "last_verified": "2025-02-10"
    },
    {
      "province": "Friesland",
      "city_town": "Bolsward",
      "location": "Marktplein Appelmarkt",
      "day": "thursday",
      "time_from": "08:00",
      "time_to": "13:00",
      "season_note": "",
      "type": "weekly_market",
      "source_url": "https://evenementenlijst.nl/weekmarkten-in-de-gemeente-sudwest-fryslan/",
      "municipality_url": "",
      "data_status": "aggregator",
      "last_verified": "2025-02-10"
    },
    {
      "province": "Friesland",
      "city_town": "Drachten",
      "location": "Raadhuisplein",
      "day": "thursday",
      "time_from": "08:00",
      "time_to": "17:00",
      "season_note": "",
      "type": "weekly_market",
      "source_url": "https://evenementenlijst.nl/de-weekmarkten-in-drachten/",
      "municipality_url": "",
      "data_status": "aggregator",
      "last_verified": "2025-02-10"
    },
    {
      "province": "Friesland",
      "city_town": "Lemmer",
      "location": "Korte Streek",
      "day": "thursday",
      "time_from": "13:00",
      "time_to": "17:00",
      "season_note": "",
      "type": "weekly_market",
      "source_url": "https://evenementenlijst.nl/weekmarkten-in-de-fryske-marren-lemmer-balk-en-joure/",
      "municipality_url": "",
      "data_status": "aggregator",
      "last_verified": "2025-02-10"
    },
    {
      "province": "Friesland",
      "city_town": "Workum",
      "location": "Centrum",
      "day": "thursday",
      "time_from": "12:00",
      "time_to": "17:00",
      "season_note": "",
      "type": "weekly_market",
      "source_url": "https://evenementenlijst.nl/weekmarkten-in-de-gemeente-sudwest-fryslan/",
      "municipality_url": "",
      "data_status": "aggregator",
      "last_verified": "2025-02-10"
    },
    {
      "province": "Friesland",
      "city_town": "Balk",
      "location": "Centrum",
      "day": "friday",
      "time_from": "13:00",
      "time_to": "17:00",
      "season_note": "",
      "type": "weekly_market",
      "source_url": "https://evenementenlijst.nl/weekmarkten-in-de-fryske-marren-lemmer-balk-en-joure/",
      "municipality_url": "",
      "data_status": "aggregator",
      "last_verified": "2025-02-10"
    },
    {
      "province": "Friesland",
      "city_town": "Burgum",
      "location": "Centrum",
      "day": "friday",
      "time_from": "08:00",
      "time_to": "12:00",
      "season_note": "",
      "type": "weekly_market",
      "source_url": "https://evenementenlijst.nl/weekmarkten-in-de-gemeente-tytsjerksteradiel/",
      "municipality_url": "",
      "data_status": "aggregator",
      "last_verified": "2025-02-10"
    },
    {
      "province": "Friesland",
      "city_town": "Hurdegaryp",
      "location": "Centrum",
      "day": "friday",
      "time_from": "13:00",
      "time_to": "18:00",
      "season_note": "",
      "type": "weekly_market",
      "source_url": "https://evenementenlijst.nl/weekmarkten-in-de-gemeente-tytsjerksteradiel/",
      "municipality_url": "",
      "data_status": "aggregator",
      "last_verified": "2025-02-10"
    },
    {
      "province": "Friesland",
      "city_town": "Leeuwarden",
      "location": "Wilhelminaplein (Zaailand)",
      "day": "friday",
      "time_from": "09:00",
      "time_to": "17:00",
      "season_note": "",
      "type": "weekly_market",
      "source_url": "https://evenementenlijst.nl/de-weekmarkten-in-leeuwarden/",
      "municipality_url": "",
      "data_status": "aggregator",
      "last_verified": "2025-02-10"
    },
    {
      "province": "Friesland",
      "city_town": "Noordwolde",
      "location": "Centrum",
      "day": "friday",
      "time_from": "13:00",
      "time_to": "17:00",
      "season_note": "",
      "type": "weekly_market",
      "source_url": "https://evenementenlijst.nl/weekmarkten-in-de-gemeente-weststellingwerf/",
      "municipality_url": "",
      "data_status": "aggregator",
      "last_verified": "2025-02-10"
    },
    {
      "province": "Friesland",
      "city_town": "Drachten",
      "location": "Raadhuisplein",
      "day": "saturday",
      "time_from": "09:00",
      "time_to": "17:00",
      "season_note": "",
      "type": "weekly_market",
      "source_url": "https://evenementenlijst.nl/de-weekmarkten-in-drachten/",
      "municipality_url": "",
      "data_status": "aggregator",
      "last_verified": "2025-02-10"
    },
    {
      "province": "Friesland",
      "city_town": "Franeker",
      "location": "Voorstraat",
      "day": "saturday",
      "time_from": "09:00",
      "time_to": "17:00",
      "season_note": "",
      "type": "weekly_market",
      "source_url": "https://evenementenlijst.nl/weekmarkten-in-franeker/",
      "municipality_url": "",
      "data_status": "aggregator",
      "last_verified": "2025-02-10"
    },
    {
      "province": "Friesland",
      "city_town": "Gytsjerk",
      "location": "Centrum",
      "day": "saturday",
      "time_from": "08:00",
      "time_to": "12:00",
      "season_note": "",
      "type": "weekly_market",
      "source_url": "https://evenementenlijst.nl/weekmarkten-in-de-gemeente-tytsjerksteradiel/",
      "municipality_url": "",
      "data_status": "aggregator",
      "last_verified": "2025-02-10"
    },
    {
      "province": "Friesland",
      "city_town": "Harlingen",
      "location": "Centrum",
      "day": "saturday",
      "time_from": "09:00",
      "time_to": "17:00",
      "season_note": "",
      "type": "weekly_market",
      "source_url": "https://evenementenlijst.nl/weekmarkten-in-harlingen/",
      "municipality_url": "",
      "data_status": "aggregator",
      "last_verified": "2025-02-10"
    },
    {
      "province": "Friesland",
      "city_town": "Heerenveen",
      "location": "Centrum",
      "day": "saturday",
      "time_from": "08:00",
      "time_to": "17:00",
      "season_note": "",
      "type": "weekly_market",
      "source_url": "https://evenementenlijst.nl/weekmarkt-in-heerenveen/",
      "municipality_url": "",
      "data_status": "aggregator",
      "last_verified": "2025-02-10"
    },
    {
      "province": "Friesland",
      "city_town": "IJlst",
      "location": "Frisiaplein",
      "day": "saturday",
      "time_from": "08:00",
      "time_to": "13:00",
      "season_note": "",
      "type": "weekly_market",
      "source_url": "https://evenementenlijst.nl/weekmarkten-in-de-gemeente-sudwest-fryslan/",
      "municipality_url": "",
      "data_status": "aggregator",
      "last_verified": "2025-02-10"
    },
    {
      "province": "Friesland",
      "city_town": "Leeuwarden",
      "location": "Nieuwestad/Waagplein",
      "day": "saturday",
      "time_from": "09:00",
      "time_to": "17:00",
      "season_note": "",
      "type": "weekly_market",
      "source_url": "https://evenementenlijst.nl/de-weekmarkten-in-leeuwarden/",
      "municipality_url": "",
      "data_status": "aggregator",
      "last_verified": "2025-02-10"
    },
    {
      "province": "Friesland",
      "city_town": "Sneek",
      "location": "Grootzand",
      "day": "saturday",
      "time_from": "09:00",
      "time_to": "17:00",
      "season_note": "",
      "type": "weekly_market",
      "source_url": "https://evenementenlijst.nl/weekmarkten-in-de-gemeente-sudwest-fryslan/",
      "municipality_url": "",
      "data_status": "aggregator",
      "last_verified": "2025-02-10"
    },
    {
      "province": "Groningen",
      "city_town": "Veendam",
      "location": "Museumplein",
      "day": "monday",
      "time_from": "13:00",
      "time_to": "17:00",
      "season_note": "",
      "type": "weekly_market",
      "source_url": "https://evenementenlijst.nl/weekmarkten-in-veendam/",
      "municipality_url": "",
      "data_status": "aggregator",
      "last_verified": "2025-02-10"
    },
    {
      "province": "Groningen",
      "city_town": "Groningen",
      "location": "Grote Markt/Vismarkt/A-Kerkhof",
      "day": "tuesday",
      "time_from": "09:00",
      "time_to": "17:00",
      "season_note": "",
      "type": "weekly_market",
      "source_url": "https://evenementenlijst.nl/weekmarkten-in-de-stad-en-gemeente-groningen/",
      "municipality_url": "",
      "data_status": "aggregator",
      "last_verified": "2025-02-10"
    },
    {
      "province": "Groningen",
      "city_town": "Ten Boer",
      "location": "Marktplein",
      "day": "tuesday",
      "time_from": "13:00",
      "time_to": "17:00",
      "season_note": "",
      "type": "weekly_market",
      "source_url": "https://evenementenlijst.nl/weekmarkten-in-de-stad-en-gemeente-groningen/",
      "municipality_url": "",
      "data_status": "aggregator",
      "last_verified": "2025-02-10"
    },
    {
      "province": "Groningen",
      "city_town": "Winsum",
      "location": "Winkelcentrum Obergon",
      "day": "tuesday",
      "time_from": "12:00",
      "time_to": "17:00",
      "season_note": "",
      "type": "weekly_market",
      "source_url": "https://evenementenlijst.nl/weekmarkten-in-de-gemeente-hogeland/",
      "municipality_url": "",
      "data_status": "aggregator",
      "last_verified": "2025-02-10"
    },
    {
      "province": "Groningen",
      "city_town": "Delfzijl",
      "location": "Centrum",
      "day": "wednesday",
      "time_from": "10:00",
      "time_to": "17:00",
      "season_note": "",
      "type": "weekly_market",
      "source_url": "https://evenementenlijst.nl/weekmarkten-in-de-gemeente-eemsdelta-delfzijl/",
      "municipality_url": "",
      "data_status": "aggregator",
      "last_verified": "2025-02-10"
    },
    {
      "province": "Groningen",
      "city_town": "Eenrum",
      "location": "Dorpsplein",
      "day": "wednesday",
      "time_from": "13:00",
      "time_to": "17:00",
      "season_note": "",
      "type": "weekly_market",
      "source_url": "https://evenementenlijst.nl/weekmarkten-in-de-gemeente-hogeland/",
      "municipality_url": "",
      "data_status": "aggregator",
      "last_verified": "2025-02-10"
    },
    {
      "province": "Groningen",
      "city_town": "Groningen",
      "location": "Vismarkt/A-Kerkhof",
      "day": "wednesday",
      "time_from": "09:00",
      "time_to": "17:00",
      "season_note": "",
      "type": "weekly_market",
      "source_url": "https://evenementenlijst.nl/weekmarkten-in-de-stad-en-gemeente-groningen/",
      "municipality_url": "",
      "data_status": "aggregator",
      "last_verified": "2025-02-10"
    },
    {
      "province": "Groningen",
      "city_town": "Groningen",
      "location": "Overwinningsplein",
      "day": "wednesday",
      "time_from": "09:00",
      "time_to": "13:00",
      "season_note": "",
      "type": "weekly_market",
      "source_url": "https://evenementenlijst.nl/weekmarkten-in-de-stad-en-gemeente-groningen/",
      "municipality_url": "",
      "data_status": "aggregator",
      "last_verified": "2025-02-10"
    },
    {
      "province": "Groningen",
      "city_town": "Groningen",
      "location": "Lewenborg",
      "day": "wednesday",
      "time_from": "09:00",
      "time_to": "17:00",
      "season_note": "",
      "type": "weekly_market",
      "source_url": "https://evenementenlijst.nl/weekmarkten-in-de-stad-en-gemeente-groningen/",
      "municipality_url": "",
      "data_status": "aggregator",
      "last_verified": "2025-02-10"
    },
    {
      "province": "Groningen",
      "city_town": "Groningen",
      "location": "Reitdiephaven",
      "day": "wednesday",
      "time_from": "12:00",
      "time_to": "18:00",
      "season_note": "",
      "type": "weekly_market",
      "source_url": "https://evenementenlijst.nl/weekmarkten-in-de-stad-en-gemeente-groningen/",
      "municipality_url": "",
      "data_status": "aggregator",
      "last_verified": "2025-02-10"
    },
    {
      "province": "Groningen",
      "city_town": "Groningen",
      "location": "Korrewegwijk (Floresplein)",
      "day": "wednesday",
      "time_from": "12:00",
      "time_to": "18:00",
      "season_note": "",
      "type": "weekly_market",
      "source_url": "https://evenementenlijst.nl/weekmarkten-in-de-stad-en-gemeente-groningen/",
      "municipality_url": "",
      "data_status": "aggregator",
      "last_verified": "2025-02-10"
    },
    {
      "province": "Groningen",
      "city_town": "Leens",
      "location": "Parkeerterrein bij gemeentehuis",
      "day": "wednesday",
      "time_from": "07:30",
      "time_to": "11:45",
      "season_note": "",
      "type": "weekly_market",
      "source_url": "https://evenementenlijst.nl/weekmarkten-in-de-gemeente-hogeland/",
      "municipality_url": "",
      "data_status": "aggregator",
      "last_verified": "2025-02-10"
    },
    {
      "province": "Groningen",
      "city_town": "Middelstum",
      "location": "Concordiaplein",
      "day": "wednesday",
      "time_from": "09:00",
      "time_to": "12:00",
      "season_note": "",
      "type": "weekly_market",
      "source_url": "https://evenementenlijst.nl/weekmarkten-in-de-gemeente-eemsdelta-delfzijl/",
      "municipality_url": "",
      "data_status": "aggregator",
      "last_verified": "2025-02-10"
    },
    {
      "province": "Groningen",
      "city_town": "Nieuwe Pekela",
      "location": "Kerkstraat",
      "day": "wednesday",
      "time_from": "13:00",
      "time_to": "17:00",
      "season_note": "",
      "type": "weekly_market",
      "source_url": "",
      "municipality_url": "",
      "data_status": "aggregator",
      "last_verified": "2025-02-10"
    },
    {
      "province": "Groningen",
      "city_town": "Sellingen",
      "location": "Dorpsstraat",
      "day": "wednesday",
      "time_from": "12:00",
      "time_to": "17:00",
      "season_note": "",
      "type": "weekly_market",
      "source_url": "https://evenementenlijst.nl/weekmarkten-in-de-gemeente-westerwolde/",
      "municipality_url": "",
      "data_status": "aggregator",
      "last_verified": "2025-02-10"
    },
    {
      "province": "Groningen",
      "city_town": "Bedum",
      "location": "Kerkplein",
      "day": "thursday",
      "time_from": "12:30",
      "time_to": "17:00",
      "season_note": "",
      "type": "weekly_market",
      "source_url": "https://evenementenlijst.nl/weekmarkten-in-de-gemeente-hogeland/",
      "municipality_url": "",
      "data_status": "aggregator",
      "last_verified": "2025-02-10"
    },
    {
      "province": "Groningen",
      "city_town": "Groningen",
      "location": "Grote Markt",
      "day": "thursday",
      "time_from": "10:00",
      "time_to": "18:00",
      "season_note": "",
      "type": "weekly_market",
      "source_url": "https://evenementenlijst.nl/weekmarkten-in-de-stad-en-gemeente-groningen/",
      "municipality_url": "",
      "data_status": "aggregator",
      "last_verified": "2025-02-10"
    },
    {
      "province": "Groningen",
      "city_town": "Groningen",
      "location": "Beijum (Stoepemaheerd)",
      "day": "thursday",
      "time_from": "09:00",
      "time_to": "13:00",
      "season_note": "",
      "type": "weekly_market",
      "source_url": "https://evenementenlijst.nl/weekmarkten-in-de-stad-en-gemeente-groningen/",
      "municipality_url": "",
      "data_status": "aggregator",
      "last_verified": "2025-02-10"
    },
    {
      "province": "Groningen",
      "city_town": "Groningen",
      "location": "Vinkhuizen",
      "day": "thursday",
      "time_from": "09:00",
      "time_to": "17:00",
      "season_note": "",
      "type": "weekly_market",
      "source_url": "https://evenementenlijst.nl/weekmarkten-in-de-stad-en-gemeente-groningen/",
      "municipality_url": "",
      "data_status": "aggregator",
      "last_verified": "2025-02-10"
    },
    {
      "province": "Groningen",
      "city_town": "Groningen",
      "location": "Hoogkerk",
      "day": "thursday",
      "time_from": "13:00",
      "time_to": "18:00",
      "season_note": "",
      "type": "weekly_market",
      "source_url": "https://evenementenlijst.nl/weekmarkten-in-de-stad-en-gemeente-groningen/",
      "municipality_url": "",
      "data_status": "aggregator",
      "last_verified": "2025-02-10"
    },
    {
      "province": "Groningen",
      "city_town": "Leek",
      "location": "Centrum",
      "day": "thursday",
      "time_from": "13:00",
      "time_to": "17:00",
      "season_note": "",
      "type": "weekly_market",
      "source_url": "https://evenementenlijst.nl/weekmarkten-in-de-gemeente-westerkwartier/",
      "municipality_url": "",
      "data_status": "aggregator",
      "last_verified": "2025-02-10"
    },
    {
      "province": "Groningen",
      "city_town": "Oude Pekela",
      "location": "Winkelcentrum de Helling",
      "day": "thursday",
      "time_from": "13:00",
      "time_to": "17:00",
      "season_note": "",
      "type": "weekly_market",
      "source_url": "",
      "municipality_url": "",
      "data_status": "aggregator",
      "last_verified": "2025-02-10"
    },
    {
      "province": "Groningen",
      "city_town": "Scheemda",
      "location": "Centrum",
      "day": "thursday",
      "time_from": "12:00",
      "time_to": "17:00",
      "season_note": "",
      "type": "weekly_market",
      "source_url": "https://evenementenlijst.nl/weekmarkten-in-de-gemeente-oldambt-winschoten/",
      "municipality_url": "",
      "data_status": "aggregator",
      "last_verified": "2025-02-10"
    },
    {
      "province": "Groningen",
      "city_town": "Ter Apel",
      "location": "Marktplein",
      "day": "thursday",
      "time_from": "13:00",
      "time_to": "18:00",
      "season_note": "",
      "type": "weekly_market",
      "source_url": "https://evenementenlijst.nl/weekmarkten-in-de-gemeente-westerwolde/",
      "municipality_url": "",
      "data_status": "aggregator",
      "last_verified": "2025-02-10"
    },
    {
      "province": "Groningen",
      "city_town": "Veendam",
      "location": "Museumplein",
      "day": "thursday",
      "time_from": "10:00",
      "time_to": "17:00",
      "season_note": "",
      "type": "weekly_market",
      "source_url": "https://evenementenlijst.nl/weekmarkten-in-veendam/",
      "municipality_url": "",
      "data_status": "aggregator",
      "last_verified": "2025-02-10"
    },
    {
      "province": "Groningen",
      "city_town": "Groningen",
      "location": "Grote Markt/Vismarkt/A-Kerkhof",
      "day": "friday",
      "time_from": "09:00",
      "time_to": "17:00",
      "season_note": "",
      "type": "weekly_market",
      "source_url": "https://evenementenlijst.nl/weekmarkten-in-de-stad-en-gemeente-groningen/",
      "municipality_url": "",
      "data_status": "aggregator",
      "last_verified": "2025-02-10"
    },
    {
      "province": "Groningen",
      "city_town": "Grootegast",
      "location": "Hoofdstraat",
      "day": "friday",
      "time_from": "08:00",
      "time_to": "12:00",
      "season_note": "",
      "type": "weekly_market",
      "source_url": "https://evenementenlijst.nl/weekmarkten-in-de-gemeente-westerkwartier/",
      "municipality_url": "",
      "data_status": "aggregator",
      "last_verified": "2025-02-10"
    },
    {
      "province": "Groningen",
      "city_town": "Haren",
      "location": "Raadhuisplein",
      "day": "friday",
      "time_from": "14:00",
      "time_to": "19:00",
      "season_note": "",
      "type": "weekly_market",
      "source_url": "https://evenementenlijst.nl/weekmarkten-in-de-stad-en-gemeente-groningen/",
      "municipality_url": "",
      "data_status": "aggregator",
      "last_verified": "2025-02-10"
    },
    {
      "province": "Groningen",
      "city_town": "Loppersum",
      "location": "Marktplein",
      "day": "friday",
      "time_from": "12:00",
      "time_to": "18:00",
      "season_note": "",
      "type": "weekly_market",
      "source_url": "https://evenementenlijst.nl/weekmarkten-in-de-gemeente-eemsdelta-delfzijl/",
      "municipality_url": "",
      "data_status": "aggregator",
      "last_verified": "2025-02-10"
    },
    {
      "province": "Groningen",
      "city_town": "Marum",
      "location": "Raadhuisstraat",
      "day": "friday",
      "time_from": "13:00",
      "time_to": "17:00",
      "season_note": "",
      "type": "weekly_market",
      "source_url": "https://evenementenlijst.nl/weekmarkten-in-de-gemeente-westerkwartier/",
      "municipality_url": "",
      "data_status": "aggregator",
      "last_verified": "2025-02-10"
    },
    {
      "province": "Groningen",
      "city_town": "Musselkanaal",
      "location": "Willem Diemerplein",
      "day": "friday",
      "time_from": "13:30",
      "time_to": "17:30",
      "season_note": "",
      "type": "weekly_market",
      "source_url": "https://evenementenlijst.nl/weekmarkten-in-de-gemeente-stadskanaal/",
      "municipality_url": "",
      "data_status": "aggregator",
      "last_verified": "2025-02-10"
    },
    {
      "province": "Groningen",
      "city_town": "Vlagtwedde",
      "location": "Ekkelkamp",
      "day": "friday",
      "time_from": "13:00",
      "time_to": "18:00",
      "season_note": "",
      "type": "weekly_market",
      "source_url": "https://evenementenlijst.nl/weekmarkten-in-de-gemeente-westerwolde/",
      "municipality_url": "",
      "data_status": "aggregator",
      "last_verified": "2025-02-10"
    },
    {
      "province": "Groningen",
      "city_town": "Zuidhorn",
      "location": "Overtuinen",
      "day": "friday",
      "time_from": "13:00",
      "time_to": "17:30",
      "season_note": "",
      "type": "weekly_market",
      "source_url": "https://evenementenlijst.nl/weekmarkten-in-de-gemeente-westerkwartier/",
      "municipality_url": "",
      "data_status": "aggregator",
      "last_verified": "2025-02-10"
    },
    {
      "province": "Groningen",
      "city_town": "Appingedam",
      "location": "Wijkstraat",
      "day": "saturday",
      "time_from": "09:00",
      "time_to": "17:00",
      "season_note": "",
      "type": "weekly_market",
      "source_url": "https://evenementenlijst.nl/weekmarkten-in-de-gemeente-eemsdelta-delfzijl/",
      "municipality_url": "",
      "data_status": "aggregator",
      "last_verified": "2025-02-10"
    },
    {
      "province": "Groningen",
      "city_town": "Groningen",
      "location": "Grote Markt/Vismarkt/A-Kerkhof",
      "day": "saturday",
      "time_from": "09:00",
      "time_to": "17:00",
      "season_note": "",
      "type": "weekly_market",
      "source_url": "https://evenementenlijst.nl/weekmarkten-in-de-stad-en-gemeente-groningen/",
      "municipality_url": "",
      "data_status": "aggregator",
      "last_verified": "2025-02-10"
    },
    {
      "province": "Groningen",
      "city_town": "Stadskanaal",
      "location": "Europalaan en Navolaan",
      "day": "saturday",
      "time_from": "08:00",
      "time_to": "17:00",
      "season_note": "",
      "type": "weekly_market",
      "source_url": "https://evenementenlijst.nl/weekmarkten-in-de-gemeente-stadskanaal/",
      "municipality_url": "",
      "data_status": "aggregator",
      "last_verified": "2025-02-10"
    },
    {
      "province": "Groningen",
      "city_town": "Uithuizen",
      "location": "Marktplein",
      "day": "saturday",
      "time_from": "13:00",
      "time_to": "17:00",
      "season_note": "",
      "type": "weekly_market",
      "source_url": "https://evenementenlijst.nl/weekmarkten-in-de-gemeente-hogeland/",
      "municipality_url": "",
      "data_status": "aggregator",
      "last_verified": "2025-02-10"
    },
    {
      "province": "Groningen",
      "city_town": "Uithuizermeeden",
      "location": "Dorpsplein",
      "day": "saturday",
      "time_from": "08:00",
      "time_to": "12:00",
      "season_note": "",
      "type": "weekly_market",
      "source_url": "https://evenementenlijst.nl/weekmarkten-in-de-gemeente-hogeland/",
      "municipality_url": "",
      "data_status": "aggregator",
      "last_verified": "2025-02-10"
    },
    {
      "province": "Groningen",
      "city_town": "Winschoten",
      "location": "Centrum",
      "day": "saturday",
      "time_from": "10:00",
      "time_to": "17:00",
      "season_note": "",
      "type": "weekly_market",
      "source_url": "https://evenementenlijst.nl/weekmarkten-in-de-gemeente-oldambt-winschoten/",
      "municipality_url": "",
      "data_status": "aggregator",
      "last_verified": "2025-02-10"
    },
    {
      "province": "Groningen",
      "city_town": "Groningen",
      "location": "Vismarkt",
      "day": "sunday",
      "time_from": "12:00",
      "time_to": "17:00",
      "season_note": "Eerste zondag van de maand",
      "type": "weekly_market",
      "source_url": "https://evenementenlijst.nl/weekmarkten-in-de-stad-en-gemeente-groningen/",
      "municipality_url": "",
      "data_status": "aggregator",
      "last_verified": "2025-02-10"
    },
    {
      "province": "Groningen",
      "city_town": "Groningen",
      "location": "Grote Markt (Snackstraat)",
      "day": "sunday",
      "time_from": "12:00",
      "time_to": "17:00",
      "season_note": "",
      "type": "weekly_market",
      "source_url": "https://evenementenlijst.nl/weekmarkten-in-de-stad-en-gemeente-groningen/",
      "municipality_url": "",
      "data_status": "aggregator",
      "last_verified": "2025-02-10"
    },
    {
      "province": "Drenthe",
      "city_town": "Coevorden",
      "location": "Markt",
      "day": "monday",
      "time_from": "08:00",
      "time_to": "13:00",
      "season_note": "",
      "type": "weekly_market",
      "source_url": "https://evenementenlijst.nl/weekmarkt-in-coevorden/",
      "municipality_url": "",
      "data_status": "aggregator",
      "last_verified": "2025-02-10"
    },
    {
      "province": "Drenthe",
      "city_town": "Annen",
      "location": "Winkelcentrum d'Anloop",
      "day": "tuesday",
      "time_from": "13:00",
      "time_to": "18:00",
      "season_note": "",
      "type": "weekly_market",
      "source_url": "https://evenementenlijst.nl/weekmarkten-in-de-gemeente-aa-en-hunze/",
      "municipality_url": "",
      "data_status": "aggregator",
      "last_verified": "2025-02-10"
    },
    {
      "province": "Drenthe",
      "city_town": "Borger",
      "location": "Torenlaan",
      "day": "tuesday",
      "time_from": "08:30",
      "time_to": "12:00",
      "season_note": "",
      "type": "weekly_market",
      "source_url": "https://evenementenlijst.nl/weekmarkt-in-borger/",
      "municipality_url": "",
      "data_status": "aggregator",
      "last_verified": "2025-02-10"
    },
    {
      "province": "Drenthe",
      "city_town": "Dwingeloo",
      "location": "Brink",
      "day": "tuesday",
      "time_from": "08:00",
      "time_to": "12:30",
      "season_note": "",
      "type": "weekly_market",
      "source_url": "https://evenementenlijst.nl/de-weekmarkten-in-de-gemeente-westerveld/",
      "municipality_url": "",
      "data_status": "aggregator",
      "last_verified": "2025-02-10"
    },
    {
      "province": "Drenthe",
      "city_town": "Tynaarlo",
      "location": "Dorpsplein",
      "day": "tuesday",
      "time_from": "09:00",
      "time_to": "13:00",
      "season_note": "",
      "type": "weekly_market",
      "source_url": "https://evenementenlijst.nl/weekmarkten-in-de-gemeente-tynaarlo/",
      "municipality_url": "",
      "data_status": "aggregator",
      "last_verified": "2025-02-10"
    },
    {
      "province": "Drenthe",
      "city_town": "Zuidwolde",
      "location": "Marktplein",
      "day": "tuesday",
      "time_from": "12:30",
      "time_to": "17:00",
      "season_note": "",
      "type": "weekly_market",
      "source_url": "https://evenementenlijst.nl/weekmarkten-in-de-gemeente-de-wolden-drenthe/",
      "municipality_url": "",
      "data_status": "aggregator",
      "last_verified": "2025-02-10"
    },
    {
      "province": "Drenthe",
      "city_town": "Assen",
      "location": "Brink/Brinkstraat/Noordersingel/Nieuwe Huizen",
      "day": "wednesday",
      "time_from": "09:00",
      "time_to": "17:00",
      "season_note": "",
      "type": "weekly_market",
      "source_url": "https://evenementenlijst.nl/weekmarkten-in-assen/",
      "municipality_url": "",
      "data_status": "aggregator",
      "last_verified": "2025-02-10"
    },
    {
      "province": "Drenthe",
      "city_town": "Eelde-Paterswolde",
      "location": "Dorpskern",
      "day": "wednesday",
      "time_from": "12:00",
      "time_to": "17:00",
      "season_note": "",
      "type": "weekly_market",
      "source_url": "https://evenementenlijst.nl/weekmarkten-in-de-gemeente-tynaarlo/",
      "municipality_url": "",
      "data_status": "aggregator",
      "last_verified": "2025-02-10"
    },
    {
      "province": "Drenthe",
      "city_town": "Havelte",
      "location": "Piet Soerplein",
      "day": "wednesday",
      "time_from": "08:00",
      "time_to": "12:30",
      "season_note": "",
      "type": "weekly_market",
      "source_url": "https://evenementenlijst.nl/de-weekmarkten-in-de-gemeente-westerveld/",
      "municipality_url": "",
      "data_status": "aggregator",
      "last_verified": "2025-02-10"
    },
    {
      "province": "Drenthe",
      "city_town": "Nijveen",
      "location": "Dorpsstraat",
      "day": "wednesday",
      "time_from": "08:00",
      "time_to": "12:30",
      "season_note": "",
      "type": "weekly_market",
      "source_url": "https://evenementenlijst.nl/weekmarkten-in-de-gemeente-meppel/",
      "municipality_url": "",
      "data_status": "aggregator",
      "last_verified": "2025-02-10"
    },
    {
      "province": "Drenthe",
      "city_town": "Norg",
      "location": "Centrum",
      "day": "wednesday",
      "time_from": "13:00",
      "time_to": "17:00",
      "season_note": "",
      "type": "weekly_market",
      "source_url": "https://evenementenlijst.nl/weekmarkten-in-de-gemeente-noordenveld/",
      "municipality_url": "",
      "data_status": "aggregator",
      "last_verified": "2025-02-10"
    },
    {
      "province": "Drenthe",
      "city_town": "Ruinerwold",
      "location": "Dijkhuizen",
      "day": "wednesday",
      "time_from": "13:00",
      "time_to": "18:00",
      "season_note": "",
      "type": "weekly_market",
      "source_url": "https://evenementenlijst.nl/weekmarkten-in-de-gemeente-de-wolden-drenthe/",
      "municipality_url": "",
      "data_status": "aggregator",
      "last_verified": "2025-02-10"
    },
    {
      "province": "Drenthe",
      "city_town": "Beilen",
      "location": "Centrum",
      "day": "thursday",
      "time_from": "09:00",
      "time_to": "13:00",
      "season_note": "",
      "type": "weekly_market",
      "source_url": "https://evenementenlijst.nl/weekmarkten-in-de-gemeente-midden-drenthe/",
      "municipality_url": "",
      "data_status": "aggregator",
      "last_verified": "2025-02-10"
    },
    {
      "province": "Drenthe",
      "city_town": "Gieten",
      "location": "Stationsstraat",
      "day": "thursday",
      "time_from": "13:00",
      "time_to": "18:00",
      "season_note": "",
      "type": "weekly_market",
      "source_url": "https://evenementenlijst.nl/weekmarkten-in-de-gemeente-aa-en-hunze/",
      "municipality_url": "",
      "data_status": "aggregator",
      "last_verified": "2025-02-10"
    },
    {
      "province": "Drenthe",
      "city_town": "Hoogeveen",
      "location": "Centrum",
      "day": "thursday",
      "time_from": "08:00",
      "time_to": "13:00",
      "season_note": "",
      "type": "weekly_market",
      "source_url": "https://evenementenlijst.nl/weekmarkten-in-hoogeveen-donderdag-zaterdag/",
      "municipality_url": "",
      "data_status": "aggregator",
      "last_verified": "2025-02-10"
    },
    {
      "province": "Drenthe",
      "city_town": "Meppel",
      "location": "Kerkplein",
      "day": "thursday",
      "time_from": "08:00",
      "time_to": "12:30",
      "season_note": "",
      "type": "weekly_market",
      "source_url": "https://evenementenlijst.nl/weekmarkten-in-de-gemeente-meppel/",
      "municipality_url": "",
      "data_status": "aggregator",
      "last_verified": "2025-02-10"
    },
    {
      "province": "Drenthe",
      "city_town": "Peize",
      "location": "Brink",
      "day": "thursday",
      "time_from": "13:00",
      "time_to": "17:00",
      "season_note": "",
      "type": "weekly_market",
      "source_url": "https://evenementenlijst.nl/weekmarkten-in-de-gemeente-noordenveld/",
      "municipality_url": "",
      "data_status": "aggregator",
      "last_verified": "2025-02-10"
    },
    {
      "province": "Drenthe",
      "city_town": "Vledder",
      "location": "Lesturgeonplein",
      "day": "thursday",
      "time_from": "08:00",
      "time_to": "12:00",
      "season_note": "",
      "type": "weekly_market",
      "source_url": "https://evenementenlijst.nl/de-weekmarkten-in-de-gemeente-westerveld/",
      "municipality_url": "",
      "data_status": "aggregator",
      "last_verified": "2025-02-10"
    },
    {
      "province": "Drenthe",
      "city_town": "Emmen",
      "location": "Marktplein en Hoofdstraat",
      "day": "friday",
      "time_from": "08:00",
      "time_to": "14:00",
      "season_note": "",
      "type": "weekly_market",
      "source_url": "https://evenementenlijst.nl/weekmarkten-in-de-gemeente-emmen/",
      "municipality_url": "",
      "data_status": "aggregator",
      "last_verified": "2025-02-10"
    },
    {
      "province": "Drenthe",
      "city_town": "Koekange",
      "location": "Dorpsstraat",
      "day": "friday",
      "time_from": "08:00",
      "time_to": "12:00",
      "season_note": "",
      "type": "weekly_market",
      "source_url": "https://evenementenlijst.nl/weekmarkten-in-de-gemeente-de-wolden-drenthe/",
      "municipality_url": "",
      "data_status": "aggregator",
      "last_verified": "2025-02-10"
    },
    {
      "province": "Drenthe",
      "city_town": "Roden",
      "location": "Centrum",
      "day": "friday",
      "time_from": "08:00",
      "time_to": "18:00",
      "season_note": "",
      "type": "weekly_market",
      "source_url": "https://evenementenlijst.nl/weekmarkten-in-de-gemeente-noordenveld/",
      "municipality_url": "",
      "data_status": "aggregator",
      "last_verified": "2025-02-10"
    },
    {
      "province": "Drenthe",
      "city_town": "Rolde",
      "location": "Kleine Brink",
      "day": "friday",
      "time_from": "10:30",
      "time_to": "18:00",
      "season_note": "",
      "type": "weekly_market",
      "source_url": "https://evenementenlijst.nl/weekmarkten-in-de-gemeente-aa-en-hunze/",
      "municipality_url": "",
      "data_status": "aggregator",
      "last_verified": "2025-02-10"
    },
    {
      "province": "Drenthe",
      "city_town": "Smilde",
      "location": "Prinses Beatrixstraat",
      "day": "friday",
      "time_from": "08:00",
      "time_to": "13:00",
      "season_note": "",
      "type": "weekly_market",
      "source_url": "https://evenementenlijst.nl/weekmarkten-in-de-gemeente-midden-drenthe/",
      "municipality_url": "",
      "data_status": "aggregator",
      "last_verified": "2025-02-10"
    },
    {
      "province": "Drenthe",
      "city_town": "Zuidlaren",
      "location": "Brink",
      "day": "friday",
      "time_from": "08:00",
      "time_to": "13:00",
      "season_note": "",
      "type": "weekly_market",
      "source_url": "https://evenementenlijst.nl/weekmarkten-in-de-gemeente-tynaarlo/",
      "municipality_url": "",
      "data_status": "aggregator",
      "last_verified": "2025-02-10"
    },
    {
      "province": "Drenthe",
      "city_town": "Westerbork",
      "location": "Burg. G. van Weezelplein",
      "day": "friday",
      "time_from": "08:00",
      "time_to": "18:00",
      "season_note": "",
      "type": "weekly_market",
      "source_url": "https://evenementenlijst.nl/weekmarkten-in-de-gemeente-midden-drenthe/",
      "municipality_url": "",
      "data_status": "aggregator",
      "last_verified": "2025-02-10"
    },
    {
      "province": "Drenthe",
      "city_town": "De Wijk",
      "location": "Gemeenteplein",
      "day": "friday",
      "time_from": "13:00",
      "time_to": "17:00",
      "season_note": "",
      "type": "weekly_market",
      "source_url": "https://evenementenlijst.nl/weekmarkten-in-de-gemeente-de-wolden-drenthe/",
      "municipality_url": "",
      "data_status": "aggregator",
      "last_verified": "2025-02-10"
    },
    {
      "province": "Drenthe",
      "city_town": "Assen",
      "location": "Brink/Brinkstraat/Noordersingel/Nieuwe Huizen",
      "day": "saturday",
      "time_from": "09:00",
      "time_to": "17:00",
      "season_note": "",
      "type": "weekly_market",
      "source_url": "https://evenementenlijst.nl/weekmarkten-in-assen/",
      "municipality_url": "",
      "data_status": "aggregator",
      "last_verified": "2025-02-10"
    },
    {
      "province": "Drenthe",
      "city_town": "Hoogeveen",
      "location": "Centrum",
      "day": "saturday",
      "time_from": "08:30",
      "time_to": "16:00",
      "season_note": "",
      "type": "weekly_market",
      "source_url": "https://evenementenlijst.nl/weekmarkten-in-hoogeveen-donderdag-zaterdag/",
      "municipality_url": "",
      "data_status": "aggregator",
      "last_verified": "2025-02-10"
    },
    {
      "province": "Drenthe",
      "city_town": "Meppel",
      "location": "Kerkplein",
      "day": "saturday",
      "time_from": "08:00",
      "time_to": "17:00",
      "season_note": "",
      "type": "weekly_market",
      "source_url": "https://evenementenlijst.nl/weekmarkten-in-de-gemeente-meppel/",
      "municipality_url": "",
      "data_status": "aggregator",
      "last_verified": "2025-02-10"
    },
    {
      "province": "Drenthe",
      "city_town": "Emmer-Compascuum",
      "location": "Runde",
      "day": "saturday",
      "time_from": "08:00",
      "time_to": "12:00",
      "season_note": "",
      "type": "weekly_market",
      "source_url": "https://evenementenlijst.nl/weekmarkten-in-de-gemeente-emmen/",
      "municipality_url": "",
      "data_status": "aggregator",
      "last_verified": "2025-02-10"
    },
    {
      "province": "Drenthe",
      "city_town": "Klazienaveen",
      "location": "Langestraat",
      "day": "saturday",
      "time_from": "13:00",
      "time_to": "17:00",
      "season_note": "",
      "type": "weekly_market",
      "source_url": "https://evenementenlijst.nl/weekmarkten-in-de-gemeente-emmen/",
      "municipality_url": "",
      "data_status": "aggregator",
      "last_verified": "2025-02-10"
    },
    {
      "province": "Drenthe",
      "city_town": "Ruinen",
      "location": "Brink",
      "day": "saturday",
      "time_from": "08:00",
      "time_to": "13:00",
      "season_note": "",
      "type": "weekly_market",
      "source_url": "https://evenementenlijst.nl/weekmarkten-in-de-gemeente-de-wolden-drenthe/",
      "municipality_url": "",
      "data_status": "aggregator",
      "last_verified": "2025-02-10"
    }
  ],
  "sources": [
    {
      "province": "Groningen",
      "source_type": "evenementenlijst",
      "url": "",
      "coverage": "",
      "format": "",
      "status": "SCRAPED",
      "note": "Complete province list with times"
    },
    {
      "province": "Groningen",
      "source_type": "gemeente open data",
      "url": "",
      "coverage": "",
      "format": "",
      "status": "TODO",
      "note": "Check for structured market data"
    },
    {
      "province": "Friesland",
      "source_type": "evenementenlijst",
      "url": "",
      "coverage": "",
      "format": "",
      "status": "SCRAPED",
      "note": "Complete province list with times"
    },
    {
      "province": "Drenthe",
      "source_type": "evenementenlijst",
      "url": "",
      "coverage": "",
      "format": "",
      "status": "SCRAPED",
      "note": "Complete province list with times"
    },
    {
      "province": "Overijssel",
      "source_type": "evenementenlijst",
      "url": "",
      "coverage": "",
      "format": "",
      "status": "TODO",
      "note": "Not yet scraped"
    },
    {
      "province": "Flevoland",
      "source_type": "evenementenlijst",
      "url": "",
      "coverage": "",
      "format": "",
      "status": "TODO",
      "note": "Not yet scraped"
    },
    {
      "province": "Gelderland",
      "source_type": "evenementenlijst",
      "url": "",
      "coverage": "",
      "format": "",
      "status": "PARTIAL",
      "note": "Partial (Fri/Sat/Sun truncated)"
    },
    {
      "province": "Gelderland",
      "source_type": "gemeente Arnhem open data",
      "url": "",
      "coverage": "",
      "format": "",
      "status": "TODO",
      "note": "Structured market locations"
    },
    {
      "province": "Gelderland",
      "source_type": "marktverordening Arnhem",
      "url": "",
      "coverage": "",
      "format": "",
      "status": "REFERENCE",
      "note": "Legal basis for Arnhem markets"
    },
    {
      "province": "Gelderland",
      "source_type": "marktverordening Renkum",
      "url": "",
      "coverage": "",
      "format": "",
      "status": "REFERENCE",
      "note": "Legal basis for Renkum/Oosterbeek/Wolfheze"
    },
    {
      "province": "Gelderland",
      "source_type": "marktverordening Wageningen",
      "url": "",
      "coverage": "",
      "format": "",
      "status": "REFERENCE",
      "note": "Legal basis for Wageningen markets"
    },
    {
      "province": "Utrecht",
      "source_type": "evenementenlijst",
      "url": "",
      "coverage": "",
      "format": "",
      "status": "TODO",
      "note": "Not yet scraped"
    },
    {
      "province": "Noord-Holland",
      "source_type": "evenementenlijst",
      "url": "",
      "coverage": "",
      "format": "",
      "status": "TODO",
      "note": "Not yet scraped"
    },
    {
      "province": "Noord-Holland",
      "source_type": "gemeente Amsterdam open data",
      "url": "",
      "coverage": "",
      "format": "",
      "status": "TODO",
      "note": "Amsterdam has structured market data"
    },
    {
      "province": "Zuid-Holland",
      "source_type": "evenementenlijst",
      "url": "",
      "coverage": "",
      "format": "",
      "status": "TODO",
      "note": "Not yet scraped"
    },
    {
      "province": "Zuid-Holland",
      "source_type": "gemeente Den Haag open data",
      "url": "",
      "coverage": "",
      "format": "",
      "status": "TODO",
      "note": "Den Haag market permit data"
    },
    {
      "province": "Zuid-Holland",
      "source_type": "gemeente Utrecht open data",
      "url": "",
      "coverage": "",
      "format": "",
      "status": "TODO",
      "note": "Utrecht wijk- en warenmarkten"
    },
    {
      "province": "Zeeland",
      "source_type": "evenementenlijst",
      "url": "",
      "coverage": "",
      "format": "",
      "status": "TODO",
      "note": "Not yet scraped"
    },
    {
      "province": "Noord-Brabant",
      "source_type": "evenementenlijst",
      "url": "",
      "coverage": "",
      "format": "",
      "status": "TODO",
      "note": "Not yet scraped"
    },
    {
      "province": "Limburg",
      "source_type": "evenementenlijst",
      "url": "",
      "coverage": "",
      "format": "",
      "status": "TODO",
      "note": "Not yet scraped"
    },
    {
      "province": "Nationaal",
      "source_type": "data.overheid.nl",
      "url": "",
      "coverage": "",
      "format": "",
      "status": "REFERENCE",
      "note": "National open data portal, search 'markt'"
    },
    {
      "province": "Nationaal",
      "source_type": "lokaleregelgeving",
      "url": "",
      "coverage": "",
      "format": "",
      "status": "REFERENCE",
      "note": "All marktverordeningen, search 'marktverordening'"
    },
    {
      "province": "Nationaal",
      "source_type": "marktenmarkten.nl",
      "url": "",
      "coverage": "",
      "format": "",
      "status": "REFERENCE",
      "note": "Alternative aggregator, SSL issues"
    }
  ]
}